{"title":"","id":1,"dateAdded":1276216784361000,"lastModified":1276216968113000,"type":"text/x-moz-place-container","root":"placesRoot","children":[{"title":"Lesezeichen-Menü","id":2,"parent":1,"dateAdded":1276216784361000,"lastModified":1276216784671000,"type":"text/x-moz-place-container","root":"bookmarksMenuFolder","children":[{"title":"Kürzlich als Lesezeichen gesetzt","id":7,"parent":2,"annos":[{"name":"Places/SmartBookmark","flags":0,"expires":4,"mimeType":null,"type":3,"value":"RecentlyBookmarked"}],"type":"text/x-moz-place","uri":"place:folder=BOOKMARKS_MENU&folder=UNFILED_BOOKMARKS&folder=TOOLBAR&sort=12&excludeQueries=1&excludeItemIfParentHasAnnotation=livemark%2FfeedURI&maxResults=10&queryType=1"},{"index":1,"title":"Kürzlich verwendete Schlagwörter","id":8,"parent":2,"annos":[{"name":"Places/SmartBookmark","flags":0,"expires":4,"mimeType":null,"type":3,"value":"RecentTags"}],"type":"text/x-moz-place","uri":"place:sort=14&type=6&maxResults=10&queryType=1"},{"index":2,"title":"","id":9,"parent":2,"dateAdded":1276216784567000,"lastModified":1276216784567000,"type":"text/x-moz-place-separator"},{"index":3,"title":"Lesezeichen-Add-ons herunterladen","id":10,"parent":2,"dateAdded":1276216784636000,"lastModified":1276216784671000,"type":"text/x-moz-place","uri":"https://addons.mozilla.org/de/firefox/bookmarks/"},{"index":4,"title":"","id":15,"parent":2,"dateAdded":1276216784671000,"lastModified":1276216784671000,"type":"text/x-moz-place-separator"},{"index":5,"title":"Mozilla Firefox","id":16,"parent":2,"dateAdded":1276216784671000,"lastModified":1276216784671000,"type":"text/x-moz-place-container","children":[{"title":"Hilfe und Anleitungen","id":17,"parent":16,"dateAdded":1276216784671000,"lastModified":1276216784671000,"type":"text/x-moz-place","uri":"http://www.mozilla.com/de/firefox/help/"},{"index":1,"title":"Firefox anpassen","id":18,"parent":16,"dateAdded":1276216784671000,"lastModified":1276216784671000,"type":"text/x-moz-place","uri":"http://www.mozilla.com/de/firefox/customize/"},{"index":2,"title":"Machen Sie mit","id":19,"parent":16,"dateAdded":1276216784671000,"lastModified":1276216784671000,"type":"text/x-moz-place","uri":"http://www.mozilla.com/de/firefox/community/"},{"index":3,"title":"Über uns","id":20,"parent":16,"dateAdded":1276216784671000,"lastModified":1276216784688000,"type":"text/x-moz-place","uri":"http://www.mozilla.com/de/firefox/about/"}]}]},{"index":1,"title":"Lesezeichen-Symbolleiste","id":3,"parent":1,"dateAdded":1276216784361000,"lastModified":1276217083489000,"annos":[{"name":"bookmarkProperties/description","flags":0,"expires":4,"mimeType":null,"type":3,"value":"Lesezeichen, die Sie in diesem Ordner ablegen, werden in der Lesezeichen-Symbolleiste angezeigt."}],"type":"text/x-moz-place-container","root":"toolbarFolder","children":[{"title":"Meistbesuchte Seiten","id":6,"parent":3,"annos":[{"name":"Places/SmartBookmark","flags":0,"expires":4,"mimeType":null,"type":3,"value":"MostVisited"}],"type":"text/x-moz-place","uri":"place:sort=8&redirectsMode=2&maxResults=10"},{"index":1,"title":"","id":60,"parent":3,"dateAdded":1276217079364000,"lastModified":1276217079364000,"type":"text/x-moz-place-separator"},{"index":2,"title":"BioKemika","id":58,"parent":3,"dateAdded":1276216978753000,"lastModified":1276216984503000,"type":"text/x-moz-place","uri":"http://www.biokemika.de/"},{"index":3,"title":"MetaSearch 2010","id":59,"parent":3,"dateAdded":1276217007644000,"lastModified":1276217007722000,"type":"text/x-moz-place","uri":"http://svenk.homeip.net/metasearch2010/","charset":"UTF-8"}]},{"index":2,"title":"Schlagwörter","id":4,"parent":1,"dateAdded":1276216784361000,"lastModified":1276216784361000,"type":"text/x-moz-place-container","root":"tagsFolder","children":[]},{"index":3,"title":"Unsortierte Lesezeichen","id":5,"parent":1,"dateAdded":1276216784361000,"lastModified":1276217011505000,"type":"text/x-moz-place-container","root":"unfiledBookmarksFolder","children":[]},]}